model_name,class_imbalance_strategy,feature_name,importance,importance_type,rank,status
logistic_regression,none,last_event_type__view,1.8081109487,abs_coefficient,1,estimated
logistic_regression,none,last_event_type__cart,0.8353104953,abs_coefficient,2,estimated
logistic_regression,none,unique_product_count,0.3488501111,abs_coefficient,3,estimated
logistic_regression,none,user_past_purchase_count,0.3297411154,abs_coefficient,4,estimated
logistic_regression,none,unique_category_count,0.3263192525,abs_coefficient,5,estimated
logistic_regression,none,last_price_bin__50-100,0.2159879175,abs_coefficient,6,estimated
logistic_regression,none,event_count_view,0.1947401212,abs_coefficient,7,estimated
logistic_regression,none,prefix_length,0.1927603288,abs_coefficient,8,estimated
logistic_regression,none,last_price_bin__25-50,0.1892326570,abs_coefficient,9,estimated
logistic_regression,none,last_price_bin__<=25,0.1783119428,abs_coefficient,10,estimated
logistic_regression,none,session_elapsed_minutes,0.1491571336,abs_coefficient,11,estimated
logistic_regression,none,hour,0.1386324848,abs_coefficient,12,estimated
logistic_regression,none,last_price_bin__250-500,0.1183449636,abs_coefficient,13,estimated
logistic_regression,none,time_since_previous_event_minutes,0.1107592557,abs_coefficient,14,estimated
logistic_regression,none,last_price_bin__100-250,0.0992407808,abs_coefficient,15,estimated
logistic_regression,none,last_price,0.0931599601,abs_coefficient,16,estimated
logistic_regression,none,last_price_bin__>1000,0.0909316419,abs_coefficient,17,estimated
logistic_regression,none,last_price_bin__500-1000,0.0807505498,abs_coefficient,18,estimated
logistic_regression,none,user_past_event_count,0.0731678529,abs_coefficient,19,estimated
logistic_regression,none,user_past_cart_count,0.0624920764,abs_coefficient,20,estimated
logistic_regression,none,event_count_cart,0.0263472131,abs_coefficient,21,estimated
logistic_regression,none,event_count_remove_from_cart,0.0000000000,abs_coefficient,22,estimated
lightgbm,none,last_price,1026.0000000000,split_count,1,estimated
lightgbm,none,user_past_event_count,818.0000000000,split_count,2,estimated
lightgbm,none,hour,726.0000000000,split_count,3,estimated
lightgbm,none,unique_product_count,646.0000000000,split_count,4,estimated
lightgbm,none,session_elapsed_minutes,530.0000000000,split_count,5,estimated
lightgbm,none,user_past_purchase_count,373.0000000000,split_count,6,estimated
lightgbm,none,unique_category_count,365.0000000000,split_count,7,estimated
lightgbm,none,prefix_length,350.0000000000,split_count,8,estimated
lightgbm,none,event_count_view,337.0000000000,split_count,9,estimated
lightgbm,none,event_count_cart,239.0000000000,split_count,10,estimated
lightgbm,none,user_past_cart_count,219.0000000000,split_count,11,estimated
lightgbm,none,time_since_previous_event_minutes,169.0000000000,split_count,12,estimated
lightgbm,none,last_event_type__cart,73.0000000000,split_count,13,estimated
lightgbm,none,last_price_bin__<=25,27.0000000000,split_count,14,estimated
lightgbm,none,last_price_bin__25-50,18.0000000000,split_count,15,estimated
lightgbm,none,last_price_bin__50-100,17.0000000000,split_count,16,estimated
lightgbm,none,last_price_bin__>1000,17.0000000000,split_count,17,estimated
lightgbm,none,last_price_bin__250-500,16.0000000000,split_count,18,estimated
lightgbm,none,last_price_bin__100-250,14.0000000000,split_count,19,estimated
lightgbm,none,last_event_type__view,12.0000000000,split_count,20,estimated
lightgbm,none,last_price_bin__500-1000,8.0000000000,split_count,21,estimated
lightgbm,none,event_count_remove_from_cart,0.0000000000,split_count,22,estimated
logistic_regression,balanced,last_event_type__cart,1.4026689530,abs_coefficient,1,estimated
logistic_regression,balanced,last_event_type__view,0.8696464083,abs_coefficient,2,estimated
logistic_regression,balanced,user_past_purchase_count,0.5085124872,abs_coefficient,3,estimated
logistic_regression,balanced,unique_product_count,0.3834539896,abs_coefficient,4,estimated
logistic_regression,balanced,unique_category_count,0.2951863368,abs_coefficient,5,estimated
logistic_regression,balanced,prefix_length,0.2385090685,abs_coefficient,6,estimated
logistic_regression,balanced,event_count_view,0.2291926016,abs_coefficient,7,estimated
logistic_regression,balanced,session_elapsed_minutes,0.1941504092,abs_coefficient,8,estimated
logistic_regression,balanced,last_price_bin__>1000,0.1892555181,abs_coefficient,9,estimated
logistic_regression,balanced,event_count_cart,0.1665693591,abs_coefficient,10,estimated
logistic_regression,balanced,user_past_cart_count,0.1541227249,abs_coefficient,11,estimated
logistic_regression,balanced,hour,0.1506829824,abs_coefficient,12,estimated
logistic_regression,balanced,last_price_bin__500-1000,0.1339431241,abs_coefficient,13,estimated
logistic_regression,balanced,last_price,0.1251230787,abs_coefficient,14,estimated
logistic_regression,balanced,last_price_bin__100-250,0.0830247465,abs_coefficient,15,estimated
logistic_regression,balanced,user_past_event_count,0.0807731916,abs_coefficient,16,estimated
logistic_regression,balanced,last_price_bin__250-500,0.0690548086,abs_coefficient,17,estimated
logistic_regression,balanced,last_price_bin__<=25,0.0388723074,abs_coefficient,18,estimated
logistic_regression,balanced,time_since_previous_event_minutes,0.0349093966,abs_coefficient,19,estimated
logistic_regression,balanced,last_price_bin__25-50,0.0303316890,abs_coefficient,20,estimated
logistic_regression,balanced,last_price_bin__50-100,0.0114596491,abs_coefficient,21,estimated
logistic_regression,balanced,event_count_remove_from_cart,0.0000000000,abs_coefficient,22,estimated
lightgbm,balanced,last_price,1027.0000000000,split_count,1,estimated
lightgbm,balanced,user_past_event_count,939.0000000000,split_count,2,estimated
lightgbm,balanced,hour,690.0000000000,split_count,3,estimated
lightgbm,balanced,unique_product_count,679.0000000000,split_count,4,estimated
lightgbm,balanced,session_elapsed_minutes,476.0000000000,split_count,5,estimated
lightgbm,balanced,unique_category_count,431.0000000000,split_count,6,estimated
lightgbm,balanced,prefix_length,390.0000000000,split_count,7,estimated
lightgbm,balanced,user_past_purchase_count,381.0000000000,split_count,8,estimated
lightgbm,balanced,event_count_view,272.0000000000,split_count,9,estimated
lightgbm,balanced,user_past_cart_count,223.0000000000,split_count,10,estimated
lightgbm,balanced,time_since_previous_event_minutes,164.0000000000,split_count,11,estimated
lightgbm,balanced,event_count_cart,140.0000000000,split_count,12,estimated
lightgbm,balanced,last_event_type__cart,78.0000000000,split_count,13,estimated
lightgbm,balanced,last_price_bin__<=25,26.0000000000,split_count,14,estimated
lightgbm,balanced,last_event_type__view,15.0000000000,split_count,15,estimated
lightgbm,balanced,last_price_bin__100-250,15.0000000000,split_count,16,estimated
lightgbm,balanced,last_price_bin__25-50,15.0000000000,split_count,17,estimated
lightgbm,balanced,last_price_bin__>1000,14.0000000000,split_count,18,estimated
lightgbm,balanced,last_price_bin__250-500,13.0000000000,split_count,19,estimated
lightgbm,balanced,last_price_bin__50-100,6.0000000000,split_count,20,estimated
lightgbm,balanced,last_price_bin__500-1000,6.0000000000,split_count,21,estimated
lightgbm,balanced,event_count_remove_from_cart,0.0000000000,split_count,22,estimated
